city,id_permis,record_kind,date_emission,emplacement,address_key,secteur,categorie,type_batiment,nature,type_label,work_class,nb_logements,storeys,entrepreneur,cout,superficie,latitude,longitude,classification
Québec,QUE-20260515-073D,permit,2026-10-02, 120e Rue Québec Québec G1C3J9,quebec|120e quebec quebec g1c3j9,Beauport,Constructions et aménagements accessoires,,Ajout d'un garage attaché à la résidence,Permis de construction,construction,0,,,,,46.87136863381557,-71.16263411107512,Construction
Québec,QUE-20260323-015D,permit,2026-10-02,1029 Rue Saint-Vallier Ouest Québec Québec G1N1G5,quebec|1029 saint vallier ouest quebec quebec g1n1g5,La Cité-Limoilou,Démolition/Déplacement,,Démolition d'un bâtiment principal,Certificat d'autorisation,demolition,0,,,,,46.80723887602269,-71.25476932531438,"Demolition, No Construction Filed"
Québec,QUE-20260902-028D,permit,2026-10-02,1080 Rue du Domaine Québec Québec G1Y2C6,quebec|1080 du domaine quebec quebec g1y2c6,Sainte-Foy–Sillery–Cap-Rouge,Démolition/Déplacement,,Démolition d'un bâtiment principal,Certificat d'autorisation,demolition,0,,,,,46.75733269441925,-71.3597513567692,"Demolition, No Construction Filed"
Québec,QUE-20260727-049D,permit,2026-10-01,815 Boulevard Wilfrid-Hamel Québec Québec G1M2R6,quebec|815 wilfrid hamel quebec quebec g1m2r6,Les Rivières,Démolition/Déplacement,,Démolition d'un bâtiment principal,Certificat d'autorisation,demolition,0,,,,,46.81096302454218,-71.25616874756395,"Demolition, No Construction Filed"
Québec,QUE-20260514-050D,permit,2026-10-01, Rue Saint-Olivier Québec Québec G1R1H1,quebec|saint olivier quebec quebec g1r1h1,La Cité-Limoilou,Démolition/Déplacement,,Démolition d'une partie d'un bâtiment principal,Certificat d'autorisation,demolition,0,,,,,46.811315102778224,-71.2211502776253,"Demolition, No Construction Filed"
Québec,QUE-20260910-017D,permit,2026-09-30,2724 Rue des Malécites Québec Québec G1E0M6,quebec|2724 des malecites quebec quebec g1e0m6,Beauport,Constructions et aménagements accessoires,,Ajout d'un garage attaché à la résidence,Permis de construction,construction,0,,,,,46.8648484628872,-71.19858501565513,Construction
Québec,QUE-20260501-006D,permit,2026-09-30,2565 Rue du Rhin Québec Québec G1P2Z7,quebec|2565 du rhin quebec quebec g1p2z7,Les Rivières,Démolition/Déplacement,,Démolition d'un bâtiment principal,Certificat d'autorisation,demolition,0,,,,,46.809528834214944,-71.3016842661572,"Demolition, No Construction Filed"
Québec,QUE-20260909-014D,permit,2026-09-30,3990 Boulevard Masson Québec Québec G1P1K3,quebec|3990 masson quebec quebec g1p1k3,Les Rivières,Démolition/Déplacement,,Démolition d'un bâtiment principal,Certificat d'autorisation,demolition,0,,,,,46.81501480091363,-71.32598280635258,"Demolition, No Construction Filed"
Québec,QUE-20260828-030D,permit,2026-09-30, Rue George-Muir Québec Québec G2N2G9,quebec|george muir quebec quebec g2n2g9,Charlesbourg,Construction d'un bâtiment principal,,Construction d'un nouveau bâtiment d'habitation de 1 à 3 logements,Permis de construction,construction,0,,,,,46.89391609648639,-71.31926684760272,Construction
Québec,QUE-20260901-092D,permit,2026-09-28,794 Rue des Talus Québec Québec G1V3E9,quebec|794 des talus quebec quebec g1v3e9,Sainte-Foy–Sillery–Cap-Rouge,Démolition/Déplacement,,Démolition d'un bâtiment principal,Certificat d'autorisation,demolition,0,,,,,46.78198267645693,-71.29768683934282,"Demolition, No Construction Filed"
Montréal,MON-3001980444,permit,2026-09-23, 8491  rue Ernest-Cormier,montreal|8491 ernest cormier,Anjou,Bâtiment industriel,Industriel,"Cour arrière : Abattre 11 frênes morts. Un arbre abattu dans la cour arrière doit être replanté dans la même cour si les normes de l'article 186 du RCA 40 sont respectées. Dans l'éventualité où l'arbre ne puisse être planté dans la cour arrière, il devra être planté dans une autre cour.",Construction,construction,0,,,,,45.619196157397774,-73.57267673927977,Construction
